{"metadata":{"asset_id":"176fdcb5-6224-4577-a739-5553ed5b4244","asset_attributes":["notebook"],"name":"Final Assignment","asset_type":"notebook","created_at":"2023-09-25T18:27:24Z","description":"","origin_country":"us","owner_id":"IBMid-6950004GKP","project_id":"5db7aa04-f4a1-4e0e-a32f-dc761716684b","size":4274227,"tags":["notebook"],"usage":{"last_update_time":1695797568996,"last_updated_at":"2023-09-27T06:52:48Z"}},"entity":{"notebook":{"kernel":{"name":"python3","display_name":"Python 3.10","language":"python"},"originates_from":{"url":"https://cf-courses-data.s3.us.cloud-object-storage.appdomain.cloud/IBMDeveloperSkillsNetwork-PY0220EN-SkillsNetwork/labs/project/Final%20Assignment.ipynb","type":"url"},"runtime":{"environment":"rt222pys1-5db7aa04-f4a1-4e0e-a32f-dc761716684b"}},"location_definition":{"physical_location_code":"FRA","physical_location_code_assigned_by":"IBMid-6950004GKP","physical_location_code_rds_id":"c57cb90f-2126-3800-9c9f-9eab82021cdf","physical_location_code_rds_version":"00002023-0925-4182-8729-925978000000_4","physical_location_code_assignment_method":"INFERRED","physical_location_code_added_on":"1695666451853"}},"attachments":[{"id":"b83491d8-fe46-4bc3-b11d-ece52340dbd7","version":2,"asset_type":"notebook","name":"attachment for notebook 176fdcb5-6224-4577-a739-5553ed5b4244","description":"attachment for notebook 176fdcb5-6224-4577-a739-5553ed5b4244","mime":"application/json","datasource_type":"193a97c1-4475-4a19-b90c-295c4fdc6517","object_key":"notebook/Final_Assignment_NhUBfk0Am.ipynb","creator_id":"IBMid-6950004GKP","create_time":1695666451857,"size":4274227,"is_remote":false,"is_managed":false,"is_referenced":true,"is_object_key_read_only":false,"is_user_provided_path_key":true,"transfer_complete":true,"is_partitioned":false,"complete_time_ticks":1695666451857,"user_data":{},"test_doc":0,"handle":{"bucket":"pythonbasicsfordatascienceproject-donotdelete-pr-dkisoi58fa0q01","location":"eu-de","type":"bluemix_cos","key":"notebook/Final_Assignment_NhUBfk0Am.ipynb","upload_id":"done","max_part_num":1},"usage":{"access_count":105,"last_accessor_id":"IBMid-6950004GKP","last_access_time":1695797017036,"last_updater_id":"IBMid-6950004GKP","last_update_time":1695797017036}}]}
